url,label,target
https://cn.hcumx.com/home/register?code=40513,phishing,1
http://iman23.com/,phishing,1
http://f1del-l11ty.icu/,phishing,1
https://f1del-ility.sbs/7d0utk5/,phishing,1
https://flde-1lity.qpon/7d0utk5/,phishing,1
https://f1del-llity.cyou/7d0utk5/,phishing,1
http://f1del-1lity.icu/7d0utk5/,phishing,1
http://f1del-ll1ty.sbs/7d0utk5/,phishing,1
http://f1del-1lity.bond/7d0utk5/,phishing,1
http://f1del-llity.icu/7d0utk5/,phishing,1
http://f1del-1lity.cyou/7d0utk5/,phishing,1
https://f1del-lllty.cyou/7d0utk5/,phishing,1
http://flde-1lity.cfd/7d0utk5/,phishing,1
http://f1del-llity.bond/7d0utk5/,phishing,1
http://f1del-ility.qpon/7d0utk5/,phishing,1
http://flde-1lity.cyou/7d0utk5/,phishing,1
https://flde-1lity.icu/7d0utk5/,phishing,1
http://f1del-1lity.cfd/7d0utk5/,phishing,1
http://f1del-ll1ty.qpon/7d0utk5/,phishing,1
http://f1del-ll1ty.icu/7d0utk5/,phishing,1
http://f1del-llity.qpon/7d0utk5/,phishing,1
https://servicio-suscripcion.firebaseapp.com/,phishing,1
https://sellcentere.vercel.app/managermentloc/abcfghijklmnoqrstuv/zxcvbnmopqrstuvwxyz.html,phishing,1
http://lntca-29531.world/sign-in?op_token=EgVvYXV0aCJHChQ2Wjcyb0hPZDM2Tm43emszcGlyaBIJYXV0aG9yaXplGhpodHRwczovL2FkbWluLmJvb2tpbmcuY29tLyoCe31CBGNvZGUqEjDd3bSSuf4mOgBCAFjA2M2xBg,phishing,1
http://lntca-29531.world/,phishing,1
http://www.textilpavesi.com.br/wp-includes/year/,phishing,1
http://38.54.8.194.sslip.io/,phishing,1
http://home-106397.weeblysite.com/,phishing,1
https://view-console.vercel.app/view_console.html,phishing,1
http://f1del-lllty.qpon/7d0utk5/,phishing,1
http://flde-1lity.sbs/7d0utk5/,phishing,1
http://f1del-1lity.sbs/7d0utk5/,phishing,1
http://f1del-llity.sbs/7d0utk5/,phishing,1
http://f1del-lllty.icu/7d0utk5/,phishing,1
http://flde-1lity.bond/7d0utk5/page.html,phishing,1
http://f1del-1lity.cyou/7d0utk5/page.html,phishing,1
http://f1del-ility.sbs/7d0utk5/page.html,phishing,1
https://flde-1lity.icu/7d0utk5/page.html,phishing,1
https://f1del-ll1ty.qpon/7d0utk5/page.html,phishing,1
http://f1del-lllty.cyou/7d0utk5/page.html,phishing,1
http://flde-1lity.sbs/7d0utk5/page.html,phishing,1
https://f1del-1lity.sbs/7d0utk5/page.html,phishing,1
http://flde-1lity.cfd/7d0utk5/page.html,phishing,1
http://f1del-ll1ty.icu/7d0utk5/page.html,phishing,1
http://f1del-llity.bond/7d0utk5/page.html,phishing,1
http://f1del-1lity.bond/7d0utk5/page.html,phishing,1
http://f1del-ll1ty.sbs/7d0utk5/page.html,phishing,1
http://f1del-llity.sbs/7d0utk5/page.html,phishing,1
http://f1del-llity.cyou/7d0utk5/page.html,phishing,1
http://flde-1lity.cyou/7d0utk5/page.html,phishing,1
http://f1del-lllty.icu/7d0utk5/page.html,phishing,1
http://f1del-llity.icu/7d0utk5/page.html,phishing,1
http://f1del-llity.qpon/7d0utk5/page.html,phishing,1
https://f1del-1lity.cfd/7d0utk5/page.html,phishing,1
https://f1del-ility.qpon/7d0utk5/page.html,phishing,1
http://f1del-1lity.icu/7d0utk5/page.html,phishing,1
https://flde-1lity.qpon/7d0utk5/page.html,phishing,1
http://f1del-lllty.qpon/7d0utk5/page.html,phishing,1
https://secure-ledger-aut.webflow.io/,phishing,1
https://sinta.alwaysdata.net/ojol/wp-admin/maint/loto/nit/wallet.php/,phishing,1
http://cdfdeatt.weebly.com/,phishing,1
http://fq39hm.shop/,phishing,1
https://helps43957.zentech3129.click/,phishing,1
http://help-live---ledgre.webflow.io/,phishing,1
http://case-10069616.ljdatrophysclothingwear.com/,phishing,1
https://pe-interbank-pe.glitch.me/,phishing,1
https://meatttmasslogin.webflow.io/,phishing,1
https://trigondigital.in/ne/?uid=aaaa@example.jp,phishing,1
https://kucoeinlogzin.webflow.io/,phishing,1
http://f1del-lllty.sbs/,phishing,1
https://support-steampowered.com/,phishing,1
https://www.shard-merge-cache.vercel.app/,phishing,1
http://www.stream-fork-core.vercel.app/,phishing,1
http://meta-ads-manager-support-business-i-amber.vercel.app/facebook-meta.html,phishing,1
https://5511566.com/,phishing,1
http://bafybeifqgf7hacp4ugl6xk57ans3phuwnlp3z3gnzdxkrgb5rfaoestwfy.ipfs.dweb.link/,phishing,1
https://instagramviewimages.blogspot.com/,phishing,1
https://flde-1lity.bond/7d0utk5/,phishing,1
https://mxx777.net/,phishing,1
http://m.xn--wqr44au58h7ev.com/,phishing,1
http://soport-385validar.ct.ws/?i=1,phishing,1
https://ef5353cc-6cc0-4186-8230-aa0d3fb3e85b-00-2umra8v3ogatk.worf.replit.dev/transaction/ent/b-34f5/client.php,phishing,1
https://cdmv.gov-ugf.win/pay,phishing,1
http://trezorstrat.webflow.io/,phishing,1
https://mohitsinghbisht2003.github.io/BharatIntern-Project2/,phishing,1
https://vaibhavhackwhiz.github.io/Amazon-clone/,phishing,1
https://backgroundcheckspecialist.pages.dev/,phishing,1
https://petravalidatorfix.pages.dev/,phishing,1
https://shard-merge-cache.vercel.app/,phishing,1
https://f1del-l11ty.icu/page.html,phishing,1
http://stream-fork-core.vercel.app/,phishing,1
http://pagina.pro/verifyaccountfacebook,phishing,1
http://tiktok.dingdongshop.org/,phishing,1
https://sso-ndax-cdn--auuth.webflow.io/,phishing,1
http://trusttd.world/sign-in,phishing,1
https://souentregadorshopee.com.br/,phishing,1
http://www.netfliix.ch/,phishing,1
https://cdmv.gov-xwn.win/pay,phishing,1
https://dmv.com-hqxcv.vip/us,phishing,1
https://dmv.com-vnmbd.vip/us,phishing,1
https://pub-39eccc81a22049c8a0ec3214ec037872.r2.dev/index.html,phishing,1
https://deneme.luxoboutique.com.tr/,phishing,1
https://dmv.com-xczql.vip/us,phishing,1
https://cdmv.gov-xwx.win/pay,phishing,1
https://latamsaletour.vercel.app/ofertas/indexx.html,phishing,1
https://f1del-lllty.cfd/page.html,phishing,1
https://f1del-l1lty.bond/page.html,phishing,1
https://f1del-l1lty.cfd/page.html,phishing,1
https://f1del-l1lty.icu/page.html,phishing,1
https://f1del-l11ty.qpon/page.html,phishing,1
https://f1del-l11ty.bond/page.html,phishing,1
https://f1del-l1lty.qpon/page.html,phishing,1
https://f1del-lllty.bond/page.html,phishing,1
http://f1del-il1ty.qpon/,phishing,1
http://f1del-lllty.cfd/,phishing,1
http://f1del-l1lty.cfd/,phishing,1
https://f1del-l1lty.bond/,phishing,1
http://f1del-l11ty.qpon/,phishing,1
https://f1del-l11ty.bond/,phishing,1
https://f1del-l1lty.icu/,phishing,1
https://f1del-l11ty.cfd/page.html,phishing,1
https://sso---ndax-cdn-auths-d.webflow.io/,phishing,1
http://f1del-l11ty.cfd/,phishing,1
http://pranavsharma00.github.io/spotify,phishing,1
https://onewglob.pw:443/coi/?b=YTo0OntzOjU6ImxhYmVsIjtzOjA6IiI7czozOiJ1c3IiO2k6MTAwMztzOjQ6Im5vcGQiO3M6MTE6ImdhbWVwcm94LmNjIjtzOjE6Im8iO2k6MTAzO30=,phishing,1
https://gameprox.cc/go/y264u244/y264x2,phishing,1
https://danakaget.live/m.dana.id/dana/,phishing,1
https://f1del-l11ty.cyou/page.html,phishing,1
https://f1del-l11ty.sbs/page.html,phishing,1
https://f1del-l1lty.cyou/page.html,phishing,1
https://f1del-l11ty.sbs/,phishing,1
https://f1del-l1lty.cyou/,phishing,1
https://f1del-l1lty.sbs/,phishing,1
https://f1del-l1lty.sbs/page.html,phishing,1
https://f1del-lllty.sbs/page.html,phishing,1
http://f1del-l11ty.cyou/,phishing,1
http://kioket.plognoken.top/,phishing,1
https://stemncommunnity.com/tradeoffers/new/?parter=7538132337&token=S220Aq,phishing,1
https://steomcoommnumnlty.com/fd9320909dfi09090909209094224090242,phishing,1
https://steomcoommnumnlty.com/fd8x832239df930923od9f092409029424,phishing,1
http://ebay-kleinanzeigen-de-m-einloggen-html-user8292738.weebly.com/,phishing,1
http://pub-6f5f5befe14e4f778ca278fd7e0a2abf.r2.dev/index.html,phishing,1
https://dmv.com-hlrbg.vip/us,phishing,1
https://cdmv.gov-xwv.win/pay,phishing,1
http://f1del-ility.cyou/forgotLogin.html,phishing,1
http://metamaskkinotlogin.webflow.io/,phishing,1
http://metimakslogi.webflow.io/,phishing,1
https://f1del-ility.cfd/forgotLogin.html,phishing,1
https://f1del-il1ty.bond/forgotLogin.html,phishing,1
http://f1del-il1ty.cfd/forgotLogin.html,phishing,1
http://f1del-il1ty.icu/forgotLogin.html,phishing,1
https://support-263.ubpages.com/a268f82-1/,phishing,1
http://www.divice-location.us/tYVOF/,phishing,1
http://flash-courageous-aphid.glitch.me/quad.html,phishing,1
http://indigo-cobalt-innocent.glitch.me/public/NewNavyFederal.org.html,phishing,1
http://pancake-clone.vercel.app/activity/,phishing,1
https://h551006.cc/,phishing,1
https://f1del-il1ty.sbs/forgotLogin.html,phishing,1
https://f1del-ility.icu/forgotLogin.html,phishing,1
https://cug.wng.mybluehost.me/wp-admin/spotify/comprar/prv/,phishing,1
http://taap.it/2Rtbft,phishing,1
https://s161.servername.online/~chime256/anaesco/gele/home/nkl-log.php,phishing,1
https://pub-79ff6c7625cf43c59c1c3c3a0aea7ccb.r2.dev/index.html,phishing,1
https://pub-a29070233cb54ef393c1ddea471f903c.r2.dev/index.html,phishing,1
https://f1del-il1ty.sbs/page.html,phishing,1
https://f1del-il1ty.sbs/,phishing,1
https://unitedhartstore.club/,phishing,1
https://kleinanzeigen.demarket-de1.com/order/spIIgb5Yihlk/?plg=anafema,phishing,1
https://stearncommunnity.com/gift/139392298290,phishing,1
http://f1del-il1ty.icu/page.html,phishing,1
https://ngx361.inmotionhosting.com/~necd645/sql/isriii/,phishing,1
https://scresinc.com/webmaileyezik.html,phishing,1
http://topijeramitheallmighty.duckdns.org/CHASE/,phishing,1
https://amalkrishnakp.github.io/NETFILX_CLONE/,phishing,1
http://pagina.pro/facebook-verify-account-argentina,phishing,1
https://nikamroshan.github.io/Netflix-Clone-/,phishing,1
http://www.infineze.cc/vote/XxUnlySLgRoAxvFSAsck/,phishing,1
https://cdmv.gov-ugl.win/pay,phishing,1
https://steomcoommnumnlty.com/gud8283982984298d9f989824902,phishing,1
http://att-broaband.weeblysite.com/,phishing,1
https://coinbase18.com/,phishing,1
https://007k7.com/,phishing,1
http://breezy-boundless-verbena.glitch.me/,phishing,1
https://servicos30h-itau-id046541-gbh8cecchvbtangw.brazilsouth-01.azurewebsites.net/,phishing,1
http://sinta.alwaysdata.net/ojol/wp-admin/maint/loto/nit/wallet.php,phishing,1
http://portger.github.io/rogersmembersuser,phishing,1
https://hnmfd-6728413-futuretech-plovmryt-008.diversifiedhr.biz/master,phishing,1
https://amou-appeal13214864.vercel.app/,phishing,1
https://metaforbusiness-fbads.ubpages.com/support-brl,phishing,1
https://public-us-trezor.squarespace.com/,phishing,1
https://secure.dhlguestmanagement.com/events2/login.cfm?ref=/events2/index.cfm?auuid=2A03EE2D-9B78-8C32-BC45201A62BC3FB1credapp.cfm&statusCodeID=10,phishing,1
https://secure.dhlguestmanagement.com/events2/login.cfm?ref=/events2/index.cfm?auuid=420108F3-DCB0-B861-0DE000110CB3961Acredapp.cfm&statusCodeID=10,phishing,1
https://meta-ads-manager-support-business-git-3dc737-company-045593603.vercel.app/facebook-meta.html/,phishing,1
http://helpdeskbrhr.weebly.com/,phishing,1
https://steomcoommnumnlty.com/gof89292909d09f909240924092092094,phishing,1
https://public-us-trezor.squarespace.com/us-en,phishing,1
https://cu25.dev-id.de/konto/support/,phishing,1
https://ipfs.io/ipfs/bafkreigzg6ejiglob3ysf6epo4bec7d4y2plieztfwgnjroo37y2yovl4i,phishing,1
https://portal-trezor-start.netlify.app/,phishing,1
https://meta-ads-manager-support-business-i-amber.vercel.app/facebook-meta.html/,phishing,1
https://trusted-verification-service-cka-9tsb.vercel.app/violate/appeal.html,phishing,1
https://trusted-verification-service-c2-6dn3.vercel.app/violate/appeal.html/,phishing,1
http://rightsenforcementtoolscommunity.vercel.app/zL20=vMDFj&s&try=ttu&78g_ep=EgoyMDI1MDM.html,phishing,1
http://xndna-costumerid.cassiexnew96.my.id/,phishing,1
https://lahob098924-ceb6gre8dpftgnh9.centralus-01.azurewebsites.net/jsdisabled,phishing,1
https://accounts.bmwweb.ac/en/login/,phishing,1
http://www.paypsl.info/,phishing,1
http://rakytfstb.com/,phishing,1
http://pagoweb-claro.com/,phishing,1
http://www.phaetpanya.com/vibharamupload/1/xryukz_config/ALFA_DATA/login.php,phishing,1
http://www.phaetpanya.com/vibharamupload/1/xryukz_config/ALFA_DATA/information.php?access.x39699711837&&data.x=en_0386f83d340e841e43446305c,phishing,1
https://projectnamif553.azurewebsites.net/ins/?i=GKREW,phishing,1
https://steomcoommnumnlty.com/fid992492409f899420920p240924,phishing,1
http://www.sclnwab.vip/us/,phishing,1
http://eyjveg50956366.us/,phishing,1
http://emonitorinad.top/,phishing,1
https://search.jobaplicationchecker.com/,phishing,1
https://sumit444-commits.github.io/NETFLIX-CLONE/,phishing,1
https://iy1tedzzfkaldlve.bayareasantaclausexperience.com:8443/impact?oSQhyEFU4BJ7c7YxJvHX8gm18=fake@fake.com,phishing,1
https://mauriceprosper.github.io/netflix-landing-page/,phishing,1
https://www.whatsapp-vy.com/,phishing,1
https://arpaintingcolorado.com/wp-subscribe.php/,phishing,1
https://loakvk.blogspot.tw/,phishing,1
https://clinquant-donut-5d5524.netlify.app/?email=3mail@b.c,phishing,1
https://www.zweryfikowac683858.click/konto,phishing,1
https://rubabansari150.github.io/NETFLIX-home-page/,phishing,1
https://steamcommunl1ty.com/id=5162802847,phishing,1
https://entregador-shopee.shop/,phishing,1
http://cyppxwitrhmjyhnaoku0qsxvmhoterfe.web-wsapp.net/,phishing,1
https://techplaneter.com/mobilelegends/,phishing,1
http://logiusgemini-us.godaddysites.com/,phishing,1
https://rajeshboya8.github.io/Amazon-Clone/,phishing,1
http://ggggbbb.banurrr.biz.id/,phishing,1
https://xfinity-100538.weeblysite.com/,phishing,1
https://gracfugrindfweorifjdssflf.nyc3.digitaloceanspaces.com/nvvvr.html,phishing,1
http://help-extenion-coinbase-com.webflow.io/,phishing,1
https://auth-sso---itrusstcapital---com--auth.webflow.io/,phishing,1
https://cn.plhhovyj.com:9119/home/register?code=29534,phishing,1
https://netfimarketing.com/82324ec41qf40e45860b67838c4ia5f37c52.html,phishing,1
https://netfimarketing.com/l80830e19x3acb4a7c38ff1cbc5rceadc6c8.html,phishing,1
https://submit-instant-appeal-for-pages-terms-info-review.vercel.app/,phishing,1
https://ratneshraj02.github.io/NetFlix-Clone,phishing,1
https://metas-vorg.vercel.app/contactsp/help.html?fbclid=IwY2xjawKit1FleHRuA2FlbQIxMABicmlkETFCZzJZYUo0bFM4SnVNTnFRAR4Bttjxu0y28V8f-BnoyQPti7y_X4lFgSJOEPgXOekLmiBTainIitY6Fneneg_aem_HoCdIUEq6s28DrDrW55ayw,phishing,1
http://15012566-b2f5-4ff5-9dc7-4627b67ed93a-netflix-clone.pages.dev/,phishing,1
http://descuentopromo.pgos.ink/,phishing,1
https://kratoz07.github.io/,phishing,1
https://jlkxvbkl.pages.dev/,phishing,1
http://discord-collaboration.com/gift/id=761114,phishing,1
https://stearncommunnity.com/glft-card/817827561939,phishing,1
https://web-extn-coinbase-com.webflow.io/,phishing,1
https://bd0support.devscenter.workers.dev/bdo-form/9ltsTW7HyUK45pVKE8GOObVJkCtN01UZwq5XSHN4LR,phishing,1
https://muhammedsyams.github.io/Amazon-Clone-static/,phishing,1
https://www.animon.ai/s,phishing,1
https://cn.wanbo44.bet/home/register,phishing,1
https://emonitorinbj.top/,phishing,1
https://auspostukmf.top/Audtik/,phishing,1
http://ef5353cc-6cc0-4186-8230-aa0d3fb3e85b-00-2umra8v3ogatk.worf.replit.dev/,phishing,1
https://trusted-verification-service-d13-iawf.vercel.app/violate/appeal.html/,phishing,1
https://trusted-verification-service-d13-iawf.vercel.app/violate/page.html/,phishing,1
http://tc-nb-well-simpsons.trycloudflare.com/login.html,phishing,1
http://tc-nb-well-simpsons.trycloudflare.com/login2.html,phishing,1
https://jpg6768889.vercel.app/process.html?3mail@b.c=,phishing,1
https://sg-play-naruto.mobilelegendds.com/?fbclid=IwQ0xDSwKlSAxleHRuA2FlbQIxMQABHiuv-atnXjoD3f1WULaKnJbGFxQJvyeMvBhgIfzA4o58H3VSGYBGYQaIoABX_aem_JN2atNj3QAjVgg5yJbB5MQ,phishing,1
https://stearncommunnity.com/app/1643320/STALKER_2_Heart_of_Chornobyl,phishing,1
https://yagla.tv/c8VYXLb,phishing,1
https://stedmcooommnlunlty.com/cgi48920909409df09292309,phishing,1
https://chandrakant1212.github.io/Amazon-Clone/,phishing,1
https://whatsapph.co/,phishing,1
http://ee-account-security.web.app/,phishing,1
http://leboncoin.page4898545614.com/buy/378474/,phishing,1
https://pub-66b3faa04e9e4dbe91310c81250a3f4f.r2.dev/vmo.html,phishing,1
http://kaken-lugainnz.godaddysites.com/,phishing,1
https://ipfs.io/ipns/k51qzi5uqu5dmftu1bhdn3eeh4dwfnm4jpo0moqbsuyisyv46vin5wi4wj3ju4/?email=3mail@b.c%0D,phishing,1
https://facilcrm.markenetics.com/wp-includes/blocks/weff34g/,phishing,1
https://auth-ur-itrustcapital.webflow.io/,phishing,1
https://rightsenforcementtoolscommunity.vercel.app/zL20=vMDFj&s&try=ttu&78g_ep=EgoyMDI1MDM,phishing,1
https://nliva29.vercel.app/botmoi.html/,phishing,1
https://www.dhlexpresspoint.com/,phishing,1
https://supports.cloudaccess.host/A/Ama/infospage.php,phishing,1
https://vibhas677.github.io/Netflix,phishing,1
https://msb-11153688.maxicode7765.click/?id-102253688/,phishing,1
https://strategy-ads-manage-local-556320195.vercel.app/hhkruu.html/,phishing,1
https://trusted-verification-service-c2-6dn3.vercel.app/violate/page.html,phishing,1
https://sso-in-itrustcapital-en.webflow.io/,phishing,1
http://peppermint-vivid-sodalite.glitch.me/,phishing,1
https://latamcolvuelaconpromos.com/,phishing,1
http://msb-11174752.maxicode7765.click/?id-102274752=,phishing,1
https://de2ec8c9-910e-4964-83b1-4d212d0f811a-netflix-clone.pages.dev/,phishing,1
http://business.smart-accounts-security.com/meta-community-standard/,phishing,1
https://trusted-verification-service-c2-mlyy.vercel.app/violate/page.html,phishing,1
https://junoinnnnn.weebly.com/,phishing,1
https://oonlinneppaay.weebly.com/,phishing,1
https://cake-chisel-actor.glitch.me/public/nfccdcndd00.html,phishing,1
https://web3-exodus.squarespace.com/,phishing,1
https://docusiigndeal.weebly.com/,phishing,1
https://junoworkspacenok.weebly.com/,phishing,1
https://mailupopendh.weebly.com/,phishing,1
https://junowebmailsignin.weebly.com/,phishing,1
https://fnxx.info/a3cfa19bddb6af44d2qb0772ader45e704a8.html,phishing,1
https://business-verification-status-page-i-orcin.vercel.app/facebook-meta.html/,phishing,1
https://www.tumblr.com/search,legitimate,0
https://blog.twitter.com/faq,legitimate,0
https://youtube.com/index.html,legitimate,0
https://docs.ebay.com,legitimate,0
https://trello.com/terms,legitimate,0
http://mailchimp.com/pricing,legitimate,0
http://reddit.com/dashboard,legitimate,0
https://www.twitter.com/feed,legitimate,0
http://evernote.com/faq,legitimate,0
https://imdb.com/settings,legitimate,0
http://docs.yahoo.com/,legitimate,0
https://stackoverflow.com/login,legitimate,0
http://www.paypal.com/feed,legitimate,0
https://www.reddit.com/profile,legitimate,0
https://blog.medium.com/about,legitimate,0
http://www.paypal.com/faq,legitimate,0
https://stackoverflow.com/,legitimate,0
http://www.yahoo.com/contact,legitimate,0
http://docs.cnn.com/explore,legitimate,0
http://www.linkedin.com/search,legitimate,0
http://shop.notion.so/feed,legitimate,0
https://blog.cnn.com/index.html,legitimate,0
https://paypal.com/about,legitimate,0
http://www.slack.com/privacy,legitimate,0
http://support.google.com/login,legitimate,0
http://twitch.tv/pricing,legitimate,0
https://pinterest.com/download,legitimate,0
https://mail.discord.com/download,legitimate,0
https://www.microsoft.com/faq,legitimate,0
https://www.youtube.com/login,legitimate,0
http://wikipedia.org/search,legitimate,0
https://mail.cnn.com/index.html,legitimate,0
https://blog.nytimes.com/faq,legitimate,0
https://support.ebay.com/pricing,legitimate,0
https://docs.discord.com/explore,legitimate,0
http://news.trello.com/login,legitimate,0
https://zoom.us,legitimate,0
https://yahoo.com/,legitimate,0
https://zoom.us/index.html,legitimate,0
https://support.cnn.com/contact,legitimate,0
https://nytimes.com/pricing,legitimate,0
https://salesforce.com/pricing,legitimate,0
http://www.evernote.com/,legitimate,0
https://www.zoom.us/login,legitimate,0
https://forbes.com/docs,legitimate,0
https://tumblr.com/docs,legitimate,0
https://www.imdb.com/login,legitimate,0
https://medium.com/about,legitimate,0
http://www.reddit.com/explore,legitimate,0
https://www.google.com/explore,legitimate,0
http://www.canva.com/faq,legitimate,0
http://twitch.tv/contact,legitimate,0
https://www.spotify.com/,legitimate,0
https://news.theguardian.com/about,legitimate,0
https://yahoo.com/privacy,legitimate,0
https://www.instagram.com/terms,legitimate,0
https://www.amazon.com/pricing,legitimate,0
http://salesforce.com/dashboard,legitimate,0
https://www.linkedin.com/settings,legitimate,0
http://google.com/docs,legitimate,0
https://mail.reddit.com/download,legitimate,0
http://www.yahoo.com/search,legitimate,0
http://trello.com/faq,legitimate,0
http://www.imdb.com/settings,legitimate,0
https://www.instagram.com/login,legitimate,0
https://www.ebay.com/contact,legitimate,0
http://docs.paypal.com/profile,legitimate,0
http://amazon.com/pricing,legitimate,0
http://zoom.us/home,legitimate,0
http://blog.trello.com/faq,legitimate,0
http://yahoo.com/home,legitimate,0
https://developer.imdb.com/home,legitimate,0
http://discord.com/feed,legitimate,0
https://hubspot.com/search,legitimate,0
https://developer.figma.com/privacy,legitimate,0
https://apple.com/pricing,legitimate,0
https://blog.zoom.us/pricing,legitimate,0
https://mailchimp.com/login,legitimate,0
http://www.stackoverflow.com/contact,legitimate,0
http://www.stackoverflow.com/search,legitimate,0
https://www.zoom.us/profile,legitimate,0
https://www.stripe.com/download,legitimate,0
http://instagram.com/profile,legitimate,0
https://twitter.com/privacy,legitimate,0
http://developer.spotify.com/pricing,legitimate,0
https://shop.github.com/profile,legitimate,0
https://theguardian.com/faq,legitimate,0
https://www.yahoo.com/dashboard,legitimate,0
http://mail.discord.com/download,legitimate,0
http://www.notion.so/settings,legitimate,0
https://www.salesforce.com/explore,legitimate,0
https://www.imdb.com,legitimate,0
http://canva.com/terms,legitimate,0
http://www.trello.com/contact,legitimate,0
http://blog.amazon.com/settings,legitimate,0
http://hubspot.com/settings,legitimate,0
https://youtube.com/,legitimate,0
https://news.yahoo.com/docs,legitimate,0
http://docs.mailchimp.com/explore,legitimate,0
http://netflix.com,legitimate,0
https://apple.com/download,legitimate,0
http://www.medium.com/login,legitimate,0
http://www.salesforce.com/download,legitimate,0
http://news.bbc.com/pricing,legitimate,0
http://blog.nytimes.com/docs,legitimate,0
http://docs.tumblr.com/download,legitimate,0
http://www.trello.com/index.html,legitimate,0
http://www.zoom.us/dashboard,legitimate,0
https://stackoverflow.com/explore,legitimate,0
https://figma.com/pricing,legitimate,0
http://www.wikipedia.org/contact,legitimate,0
http://shop.mailchimp.com,legitimate,0
http://dropbox.com/settings,legitimate,0
http://shop.forbes.com/privacy,legitimate,0
https://tumblr.com/pricing,legitimate,0
http://www.zoom.us/explore,legitimate,0
https://target.com/faq,legitimate,0
https://shop.quora.com,legitimate,0
https://evernote.com/about,legitimate,0
https://www.spotify.com/contact,legitimate,0
http://www.slack.com/profile,legitimate,0
http://nytimes.com,legitimate,0
https://stripe.com/index.html,legitimate,0
https://github.com,legitimate,0
https://nytimes.com/login,legitimate,0
https://news.pinterest.com/feed,legitimate,0
https://discord.com/login,legitimate,0
https://support.hubspot.com/explore,legitimate,0
http://walmart.com/search,legitimate,0
https://support.ebay.com/login,legitimate,0
https://developer.canva.com/feed,legitimate,0
https://figma.com/help,legitimate,0
https://www.paypal.com/docs,legitimate,0
https://theguardian.com/profile,legitimate,0
http://www.walmart.com/profile,legitimate,0
http://tumblr.com/docs,legitimate,0
https://news.target.com/explore,legitimate,0
http://www.spotify.com/about,legitimate,0
http://www.pinterest.com/dashboard,legitimate,0
http://support.google.com/download,legitimate,0
https://figma.com/help,legitimate,0
https://news.cnn.com/docs,legitimate,0
https://www.stackoverflow.com/explore,legitimate,0
https://support.walmart.com/feed,legitimate,0
http://www.imdb.com/dashboard,legitimate,0
http://www.discord.com/profile,legitimate,0
https://mail.github.com/dashboard,legitimate,0
https://reddit.com/help,legitimate,0
http://github.com/settings,legitimate,0
https://discord.com,legitimate,0
https://wikipedia.org/faq,legitimate,0
http://blog.cnn.com/login,legitimate,0
https://www.nytimes.com/docs,legitimate,0
http://pinterest.com/help,legitimate,0
https://www.cnn.com/index.html,legitimate,0
https://quora.com/settings,legitimate,0
https://imdb.com/pricing,legitimate,0
https://www.trello.com/settings,legitimate,0
http://support.target.com/,legitimate,0
https://docs.reddit.com/profile,legitimate,0
https://apple.com/faq,legitimate,0
https://figma.com/docs,legitimate,0
http://stackoverflow.com/settings,legitimate,0
http://hubspot.com/search,legitimate,0
http://www.instagram.com/faq,legitimate,0
https://www.netflix.com/index.html,legitimate,0
https://www.ebay.com/terms,legitimate,0
http://evernote.com/settings,legitimate,0
http://support.forbes.com/help,legitimate,0
http://mail.facebook.com/pricing,legitimate,0
http://amazon.com/search,legitimate,0
https://support.facebook.com/about,legitimate,0
http://www.apple.com/terms,legitimate,0
http://nytimes.com/feed,legitimate,0
http://www.salesforce.com/login,legitimate,0
https://www.mailchimp.com/help,legitimate,0
http://shop.facebook.com/docs,legitimate,0
https://www.spotify.com/login,legitimate,0
http://www.forbes.com/docs,legitimate,0
http://theguardian.com/feed,legitimate,0
http://reddit.com/profile,legitimate,0
https://www.mailchimp.com/help,legitimate,0
https://www.ebay.com/search,legitimate,0
https://support.google.com/faq,legitimate,0
http://instagram.com/docs,legitimate,0
https://www.twitch.tv/download,legitimate,0
http://www.nytimes.com/search,legitimate,0
http://www.github.com/privacy,legitimate,0
https://www.figma.com/dashboard,legitimate,0
http://www.discord.com/terms,legitimate,0
http://www.forbes.com/help,legitimate,0
http://developer.forbes.com/explore,legitimate,0
http://mailchimp.com/search,legitimate,0
http://www.facebook.com/dashboard,legitimate,0
http://www.salesforce.com/home,legitimate,0
http://bbc.com/terms,legitimate,0
http://www.twitter.com/download,legitimate,0
http://www.netflix.com/pricing,legitimate,0
https://www.pinterest.com/dashboard,legitimate,0
http://www.hubspot.com/faq,legitimate,0
http://developer.cnn.com/faq,legitimate,0
https://paypal.com/settings,legitimate,0
https://www.twitter.com/login,legitimate,0
http://blog.discord.com,legitimate,0
https://twitch.tv/feed,legitimate,0
http://medium.com/download,legitimate,0
http://apple.com/index.html,legitimate,0
http://www.walmart.com/home,legitimate,0
https://news.pinterest.com/docs,legitimate,0
http://www.twitch.tv/faq,legitimate,0
https://www.dropbox.com/terms,legitimate,0
http://shop.pinterest.com/docs,legitimate,0
http://www.nytimes.com/login,legitimate,0
https://shop.dropbox.com/terms,legitimate,0
http://salesforce.com/explore,legitimate,0
http://www.hubspot.com/,legitimate,0
http://ebay.com/feed,legitimate,0
https://docs.pinterest.com/home,legitimate,0
https://www.trello.com/,legitimate,0
http://twitch.tv/dashboard,legitimate,0
http://linkedin.com/faq,legitimate,0
http://pinterest.com/help,legitimate,0
http://evernote.com/index.html,legitimate,0
https://docs.hubspot.com/explore,legitimate,0
http://www.google.com/profile,legitimate,0
https://www.hubspot.com/profile,legitimate,0
http://hubspot.com/search,legitimate,0
http://www.imdb.com/dashboard,legitimate,0
https://mail.evernote.com/settings,legitimate,0
http://facebook.com/,legitimate,0
http://twitter.com/search,legitimate,0
https://www.cloudflare.com/faq,legitimate,0
http://www.stripe.com/login,legitimate,0
http://www.facebook.com/feed,legitimate,0
https://www.medium.com/feed,legitimate,0
https://developer.stripe.com/feed,legitimate,0
https://www.github.com/login,legitimate,0
http://mail.reddit.com/privacy,legitimate,0
https://www.medium.com/home,legitimate,0
https://mail.reddit.com/terms,legitimate,0
https://www.netflix.com/privacy,legitimate,0
https://linkedin.com/faq,legitimate,0
http://salesforce.com,legitimate,0
https://www.medium.com/terms,legitimate,0
http://pinterest.com/,legitimate,0
https://shop.instagram.com/index.html,legitimate,0
http://www.bbc.com/terms,legitimate,0
https://news.stackoverflow.com/privacy,legitimate,0
https://www.stripe.com,legitimate,0
https://www.canva.com/login,legitimate,0
http://amazon.com/dashboard,legitimate,0
https://tumblr.com/privacy,legitimate,0
http://shop.theguardian.com/settings,legitimate,0
http://mailchimp.com/login,legitimate,0
https://www.stackoverflow.com/pricing,legitimate,0
http://www.figma.com/login,legitimate,0
http://www.salesforce.com/profile,legitimate,0
http://blog.nytimes.com/index.html,legitimate,0
https://canva.com/login,legitimate,0
http://blog.wikipedia.org/terms,legitimate,0
http://www.dropbox.com/pricing,legitimate,0
https://support.discord.com/feed,legitimate,0
https://salesforce.com/help,legitimate,0
https://www.imdb.com/feed,legitimate,0
https://support.stackoverflow.com/pricing,legitimate,0
https://apple.com/profile,legitimate,0
http://www.google.com/about,legitimate,0
https://netflix.com,legitimate,0
https://www.figma.com/docs,legitimate,0
http://www.discord.com/dashboard,legitimate,0
https://microsoft.com/privacy,legitimate,0
https://www.trello.com/pricing,legitimate,0
http://www.tumblr.com/contact,legitimate,0
https://www.instagram.com/settings,legitimate,0
http://stackoverflow.com/explore,legitimate,0
https://discord.com/contact,legitimate,0
https://www.spotify.com/login,legitimate,0
https://news.canva.com/about,legitimate,0
https://shop.stackoverflow.com/download,legitimate,0
http://www.facebook.com/pricing,legitimate,0
https://spotify.com/terms,legitimate,0
http://shop.paypal.com/pricing,legitimate,0
http://www.youtube.com/dashboard,legitimate,0
https://news.cloudflare.com/index.html,legitimate,0
http://canva.com/terms,legitimate,0
http://www.discord.com/dashboard,legitimate,0
https://yahoo.com/download,legitimate,0
https://www.dropbox.com/home,legitimate,0
https://pinterest.com/contact,legitimate,0
https://blog.yahoo.com/about,legitimate,0
http://news.walmart.com/docs,legitimate,0
http://trello.com/index.html,legitimate,0
http://news.discord.com/profile,legitimate,0
https://developer.yahoo.com/settings,legitimate,0
http://wikipedia.org/feed,legitimate,0
http://mail.amazon.com/privacy,legitimate,0
http://news.imdb.com/,legitimate,0
http://www.ebay.com/help,legitimate,0
https://www.twitter.com/dashboard,legitimate,0
https://medium.com/docs,legitimate,0
